student_id,python,java,javascript,web,react,backend,nodejs,spring_boot,dsa,oop,sql,database,system_design,ai,ml,deep_learning,nlp,computer_vision,data_science,statistics,data_engineering,cloud,devops,docker,linux,cybersecurity,testing,git,interest,goal,level,performance
1,0.63,0.07,0.3,0.25,0.71,0.66,0.85,0.13,0.43,0.08,0.25,0.5,0.07,0.23,0.63,0.54,0.25,0.58,0.78,0.06,0.78,0.68,0.36,0.19,0.91,0.35,0.13,0.14,Cybersecurity,DevOps Engineer,Intermediate,84.39
2,0.71,0.53,0.93,0.39,0.55,0.8,0.61,0.83,0.57,0.68,0.09,0.26,0.31,0.12,0.26,0.14,0.3,0.62,0.38,0.38,0.24,0.29,0.89,0.63,0.6,0.2,0.71,0.2,Software Engineering,Data Engineer,Advanced,77.85
3,0.25,0.34,0.74,0.1,0.79,0.77,0.41,0.11,0.87,0.56,0.7,0.24,0.5,0.85,0.63,0.18,0.18,0.72,0.54,0.72,0.44,0.58,0.38,0.95,0.17,0.49,0.73,0.82,Backend Development,Cloud Engineer,Beginner,83.56
4,0.43,0.11,0.39,0.95,0.53,0.92,0.82,0.06,0.7,0.66,0.53,0.29,0.63,0.15,0.44,0.46,0.91,0.84,0.29,0.5,0.21,0.87,0.83,0.32,0.63,0.6,0.19,0.74,AI / Machine Learning,DevOps Engineer,Intermediate,66.87
5,0.15,0.38,0.94,0.78,0.27,0.27,0.56,0.12,0.71,0.78,0.93,0.53,0.16,0.64,0.9,0.2,0.52,0.6,0.92,0.89,0.73,0.67,0.69,0.41,0.65,0.39,0.86,0.46,Web Development,Data Analyst,Beginner,58.59
6,0.58,0.26,0.25,0.11,0.62,0.26,0.86,0.82,0.11,0.26,0.65,0.24,0.17,0.89,0.56,0.48,0.76,0.78,0.22,0.14,0.44,0.43,0.47,0.71,0.66,0.94,0.14,0.41,Cybersecurity,MLOps Engineer,Beginner,53.68
7,0.22,0.45,0.43,0.3,0.27,0.88,0.45,0.83,0.55,0.1,0.95,0.8,0.92,0.88,0.81,0.2,0.49,0.24,0.41,0.1,0.39,0.94,0.29,0.76,0.46,0.43,0.91,0.95,Data Engineering,Data Scientist,Beginner,56.32
8,0.92,0.57,0.54,0.72,0.1,0.58,0.5,0.82,0.19,0.91,0.12,0.22,0.59,0.66,0.26,0.16,0.85,0.27,0.59,0.61,0.43,0.58,0.52,0.89,0.23,0.69,0.26,0.41,Cloud & DevOps,Full Stack Developer,Intermediate,91.1
9,0.89,0.06,0.61,0.56,0.14,0.53,0.51,0.17,0.36,0.11,0.27,0.31,0.44,0.54,0.32,0.94,0.78,0.53,0.65,0.55,0.89,0.14,0.84,0.29,0.85,0.72,0.19,0.3,Web Development,Cybersecurity Engineer,Intermediate,51.2
10,0.62,0.29,0.49,0.86,0.81,0.13,0.43,0.3,0.05,0.74,0.62,0.29,0.72,0.55,0.43,0.06,0.12,0.84,0.86,0.54,0.8,0.57,0.18,0.16,0.33,0.86,0.77,0.82,Cybersecurity,Data Analyst,Advanced,53.72
11,0.14,0.75,0.85,0.42,0.61,0.19,0.89,0.83,0.93,0.78,0.84,0.07,0.71,0.35,0.89,0.77,0.83,0.78,0.29,0.76,0.15,0.83,0.82,0.25,0.78,0.46,0.32,0.77,Web Development,Data Analyst,Beginner,76.3
12,0.41,0.3,0.11,0.75,0.37,0.51,0.66,0.81,0.35,0.07,0.84,0.29,0.57,0.94,0.08,0.59,0.36,0.76,0.44,0.94,0.15,0.86,0.22,0.09,0.44,0.52,0.78,0.67,Web Development,Backend Developer,Intermediate,43.85
13,0.65,0.35,0.33,0.81,0.7,0.32,0.33,0.42,0.41,0.32,0.16,0.43,0.9,0.66,0.86,0.6,0.32,0.54,0.05,0.31,0.44,0.57,0.64,0.47,0.45,0.24,0.48,0.86,Backend Development,Cloud Engineer,Beginner,55.61
14,0.65,0.61,0.13,0.91,0.26,0.33,0.78,0.18,0.09,0.94,0.6,0.74,0.46,0.85,0.57,0.7,0.4,0.41,0.18,0.67,0.85,0.82,0.85,0.75,0.25,0.77,0.68,0.47,Web Development,QA / Automation Engineer,Beginner,65.11
15,0.77,0.65,0.94,0.59,0.91,0.85,0.6,0.7,0.5,0.8,0.54,0.86,0.72,0.48,0.28,0.27,0.62,0.74,0.52,0.61,0.3,0.12,0.31,0.29,0.34,0.54,0.17,0.26,Backend Development,Cybersecurity Engineer,Beginner,43.53
16,0.42,0.54,0.42,0.24,0.43,0.86,0.58,0.68,0.82,0.74,0.39,0.06,0.37,0.73,0.82,0.91,0.43,0.72,0.54,0.59,0.25,0.25,0.44,0.08,0.35,0.66,0.41,0.2,Data Engineering,Data Scientist,Advanced,69.38
17,0.87,0.58,0.65,0.13,0.44,0.83,0.21,0.28,0.34,0.46,0.35,0.84,0.3,0.91,0.43,0.8,0.47,0.72,0.1,0.91,0.25,0.11,0.91,0.09,0.08,0.27,0.81,0.61,Web Development,Data Scientist,Intermediate,76.82
18,0.56,0.25,0.68,0.74,0.2,0.6,0.72,0.15,0.79,0.92,0.15,0.07,0.33,0.66,0.91,0.41,0.69,0.12,0.67,0.61,0.14,0.75,0.82,0.59,0.16,0.94,0.75,0.36,Software Engineering,Cloud Engineer,Intermediate,43.79
19,0.63,0.06,0.43,0.49,0.44,0.38,0.85,0.46,0.19,0.21,0.52,0.64,0.6,0.88,0.75,0.47,0.79,0.58,0.34,0.27,0.89,0.3,0.46,0.73,0.56,0.65,0.35,0.49,Cybersecurity,Data Scientist,Intermediate,51.67
20,0.77,0.36,0.84,0.68,0.3,0.06,0.9,0.13,0.7,0.49,0.73,0.67,0.63,0.49,0.76,0.13,0.25,0.67,0.33,0.57,0.48,0.53,0.43,0.72,0.35,0.68,0.29,0.28,Data Science,Cybersecurity Engineer,Beginner,57.36
21,0.72,0.91,0.67,0.22,0.71,0.3,0.58,0.73,0.59,0.93,0.8,0.32,0.37,0.32,0.69,0.16,0.09,0.1,0.31,0.9,0.62,0.73,0.14,0.06,0.31,0.48,0.36,0.92,Cloud & DevOps,QA / Automation Engineer,Intermediate,46.27
22,0.11,0.49,0.57,0.67,0.19,0.78,0.9,0.13,0.27,0.55,0.42,0.59,0.61,0.75,0.39,0.87,0.32,0.58,0.44,0.56,0.1,0.91,0.14,0.74,0.61,0.29,0.12,0.27,Data Science,Data Scientist,Beginner,62.47
23,0.67,0.47,0.08,0.31,0.3,0.82,0.11,0.26,0.29,0.76,0.58,0.77,0.23,0.15,0.25,0.18,0.29,0.18,0.1,0.76,0.59,0.79,0.88,0.45,0.47,0.32,0.41,0.3,Data Engineering,Full Stack Developer,Beginner,72.89
24,0.85,0.71,0.59,0.07,0.26,0.66,0.82,0.58,0.07,0.74,0.79,0.57,0.74,0.21,0.52,0.45,0.3,0.95,0.44,0.78,0.92,0.47,0.42,0.34,0.14,0.19,0.42,0.5,Software Engineering,QA / Automation Engineer,Advanced,42.02
25,0.13,0.28,0.15,0.75,0.83,0.79,0.05,0.83,0.47,0.1,0.52,0.61,0.5,0.45,0.1,0.29,0.17,0.31,0.84,0.49,0.08,0.62,0.77,0.69,0.33,0.06,0.42,0.25,Data Science,Full Stack Developer,Beginner,75.62
26,0.19,0.89,0.31,0.68,0.42,0.48,0.47,0.46,0.18,0.22,0.59,0.72,0.17,0.11,0.75,0.82,0.36,0.76,0.29,0.05,0.7,0.8,0.57,0.64,0.83,0.45,0.49,0.35,Software Engineering,Full Stack Developer,Intermediate,87.83
27,0.93,0.26,0.39,0.82,0.42,0.34,0.48,0.87,0.39,0.94,0.76,0.64,0.19,0.92,0.16,0.92,0.35,0.14,0.81,0.14,0.87,0.06,0.18,0.83,0.92,0.12,0.75,0.29,Software Engineering,Cloud Engineer,Beginner,86.85
28,0.82,0.82,0.39,0.33,0.7,0.73,0.84,0.08,0.11,0.62,0.88,0.95,0.72,0.44,0.14,0.62,0.84,0.45,0.67,0.86,0.09,0.77,0.31,0.39,0.18,0.53,0.56,0.76,Backend Development,Data Scientist,Beginner,73.52
29,0.39,0.66,0.5,0.57,0.26,0.62,0.46,0.65,0.86,0.47,0.31,0.54,0.12,0.9,0.94,0.32,0.92,0.67,0.46,0.32,0.95,0.82,0.15,0.39,0.37,0.32,0.68,0.07,Software Engineering,Data Engineer,Beginner,71.13
30,0.67,0.72,0.09,0.6,0.5,0.86,0.31,0.77,0.6,0.37,0.62,0.61,0.66,0.7,0.64,0.8,0.62,0.86,0.63,0.33,0.45,0.57,0.71,0.13,0.32,0.72,0.21,0.17,Cybersecurity,Mobile App Developer,Advanced,90.24
31,0.8,0.28,0.79,0.48,0.78,0.72,0.35,0.15,0.92,0.18,0.92,0.82,0.7,0.93,0.92,0.77,0.38,0.76,0.06,0.53,0.46,0.66,0.66,0.58,0.79,0.9,0.15,0.26,AI / Machine Learning,DevOps Engineer,Advanced,58.04
32,0.6,0.63,0.62,0.47,0.68,0.63,0.16,0.09,0.08,0.95,0.15,0.26,0.53,0.4,0.38,0.9,0.68,0.54,0.58,0.7,0.85,0.64,0.8,0.6,0.9,0.3,0.67,0.25,Data Engineering,Data Analyst,Intermediate,45.46
33,0.67,0.54,0.93,0.37,0.41,0.22,0.16,0.81,0.46,0.65,0.63,0.59,0.07,0.76,0.27,0.16,0.56,0.11,0.74,0.24,0.24,0.83,0.35,0.18,0.86,0.05,0.82,0.18,Backend Development,Mobile App Developer,Intermediate,83.92
34,0.15,0.83,0.17,0.37,0.76,0.58,0.06,0.29,0.16,0.43,0.15,0.11,0.45,0.38,0.58,0.46,0.25,0.6,0.7,0.87,0.64,0.32,0.63,0.08,0.95,0.81,0.43,0.15,Data Engineering,AI / ML Engineer,Beginner,57.72
35,0.18,0.16,0.61,0.58,0.69,0.39,0.59,0.32,0.5,0.44,0.76,0.15,0.64,0.84,0.55,0.83,0.44,0.85,0.42,0.79,0.41,0.71,0.33,0.33,0.28,0.91,0.67,0.48,Data Science,QA / Automation Engineer,Beginner,45.13
36,0.14,0.71,0.78,0.55,0.58,0.56,0.35,0.16,0.37,0.65,0.73,0.83,0.7,0.92,0.59,0.37,0.57,0.24,0.64,0.25,0.15,0.81,0.38,0.74,0.57,0.78,0.81,0.93,AI / Machine Learning,DevOps Engineer,Advanced,85.62
37,0.29,0.21,0.68,0.33,0.36,0.06,0.83,0.56,0.41,0.18,0.62,0.08,0.72,0.24,0.43,0.36,0.38,0.7,0.75,0.56,0.13,0.1,0.19,0.61,0.66,0.29,0.65,0.49,Data Engineering,Frontend Developer,Intermediate,51.86
38,0.51,0.36,0.15,0.66,0.58,0.52,0.33,0.25,0.94,0.1,0.23,0.9,0.74,0.74,0.31,0.16,0.5,0.44,0.17,0.53,0.26,0.55,0.65,0.37,0.41,0.72,0.44,0.46,Data Science,QA / Automation Engineer,Intermediate,71.67
39,0.57,0.69,0.43,0.15,0.07,0.34,0.77,0.61,0.8,0.88,0.13,0.81,0.27,0.58,0.52,0.41,0.33,0.36,0.35,0.2,0.51,0.15,0.51,0.87,0.36,0.7,0.79,0.78,Web Development,AI / ML Engineer,Beginner,54.08
40,0.21,0.19,0.73,0.12,0.91,0.62,0.47,0.56,0.57,0.66,0.84,0.63,0.94,0.34,0.92,0.33,0.45,0.47,0.62,0.77,0.58,0.37,0.12,0.47,0.08,0.38,0.31,0.63,Data Science,DevOps Engineer,Advanced,67.89
41,0.47,0.55,0.76,0.86,0.45,0.78,0.64,0.34,0.48,0.19,0.11,0.14,0.86,0.36,0.69,0.5,0.21,0.27,0.44,0.45,0.52,0.19,0.39,0.3,0.42,0.35,0.59,0.76,Cybersecurity,AI / ML Engineer,Intermediate,45.2
42,0.66,0.31,0.7,0.64,0.87,0.84,0.35,0.57,0.18,0.36,0.92,0.68,0.4,0.59,0.89,0.33,0.39,0.76,0.78,0.65,0.8,0.71,0.67,0.52,0.63,0.43,0.38,0.38,Backend Development,Data Analyst,Intermediate,92.12
43,0.49,0.25,0.17,0.12,0.81,0.14,0.74,0.8,0.85,0.08,0.35,0.74,0.17,0.39,0.2,0.8,0.74,0.78,0.2,0.44,0.42,0.66,0.26,0.45,0.31,0.72,0.45,0.53,Cloud & DevOps,MLOps Engineer,Intermediate,89.72
44,0.22,0.66,0.56,0.45,0.74,0.75,0.5,0.43,0.2,0.23,0.59,0.84,0.1,0.48,0.38,0.89,0.69,0.51,0.16,0.13,0.19,0.45,0.51,0.8,0.13,0.87,0.79,0.85,AI / Machine Learning,Frontend Developer,Beginner,61.8
45,0.39,0.4,0.12,0.25,0.34,0.14,0.69,0.35,0.18,0.08,0.88,0.48,0.8,0.73,0.47,0.6,0.87,0.07,0.24,0.18,0.9,0.6,0.43,0.75,0.26,0.16,0.26,0.63,Data Engineering,AI / ML Engineer,Beginner,86.02
46,0.5,0.53,0.62,0.57,0.7,0.31,0.05,0.37,0.56,0.22,0.65,0.52,0.37,0.91,0.54,0.76,0.51,0.07,0.84,0.09,0.4,0.39,0.72,0.37,0.11,0.27,0.64,0.14,Cybersecurity,Data Scientist,Beginner,59.38
47,0.35,0.63,0.8,0.67,0.93,0.48,0.21,0.17,0.69,0.9,0.08,0.23,0.76,0.85,0.33,0.33,0.41,0.78,0.48,0.08,0.63,0.31,0.83,0.09,0.64,0.3,0.77,0.44,Software Engineering,Cybersecurity Engineer,Intermediate,89.21
48,0.4,0.93,0.5,0.5,0.88,0.52,0.77,0.7,0.12,0.59,0.79,0.54,0.34,0.12,0.64,0.33,0.59,0.43,0.67,0.37,0.09,0.83,0.37,0.95,0.3,0.93,0.9,0.12,Software Engineering,Backend Developer,Advanced,84.06
49,0.66,0.91,0.18,0.6,0.75,0.08,0.11,0.75,0.38,0.39,0.56,0.59,0.66,0.9,0.38,0.74,0.57,0.53,0.41,0.63,0.27,0.15,0.71,0.5,0.4,0.56,0.29,0.28,Data Engineering,Data Analyst,Advanced,55.71
50,0.87,0.49,0.16,0.82,0.46,0.86,0.45,0.13,0.66,0.81,0.34,0.36,0.11,0.54,0.85,0.82,0.69,0.88,0.62,0.76,0.51,0.16,0.23,0.17,0.76,0.07,0.55,0.38,Backend Development,DevOps Engineer,Beginner,43.62
51,0.41,0.7,0.48,0.42,0.42,0.57,0.16,0.34,0.12,0.47,0.52,0.17,0.8,0.55,0.58,0.74,0.17,0.5,0.83,0.8,0.52,0.32,0.2,0.89,0.25,0.9,0.52,0.31,Data Science,Data Engineer,Beginner,74.93
52,0.55,0.16,0.32,0.53,0.5,0.2,0.9,0.19,0.64,0.7,0.59,0.81,0.56,0.79,0.08,0.09,0.63,0.57,0.64,0.74,0.42,0.63,0.5,0.61,0.31,0.91,0.48,0.77,Software Engineering,Data Engineer,Intermediate,44.01
53,0.1,0.45,0.49,0.23,0.6,0.33,0.7,0.71,0.82,0.93,0.17,0.38,0.56,0.34,0.47,0.29,0.27,0.14,0.31,0.4,0.6,0.27,0.83,0.19,0.34,0.57,0.33,0.74,Data Engineering,Mobile App Developer,Intermediate,67.43
54,0.33,0.07,0.9,0.5,0.92,0.24,0.37,0.1,0.5,0.84,0.64,0.47,0.53,0.81,0.44,0.84,0.7,0.74,0.38,0.41,0.56,0.23,0.55,0.12,0.5,0.74,0.3,0.94,Data Science,Data Scientist,Beginner,61.66
55,0.77,0.36,0.9,0.73,0.23,0.51,0.5,0.09,0.17,0.35,0.48,0.46,0.6,0.51,0.35,0.6,0.2,0.94,0.72,0.32,0.35,0.8,0.53,0.69,0.32,0.78,0.38,0.66,Software Engineering,DevOps Engineer,Intermediate,83.82
56,0.7,0.67,0.07,0.48,0.92,0.75,0.75,0.57,0.7,0.58,0.2,0.62,0.61,0.81,0.18,0.66,0.08,0.9,0.15,0.07,0.33,0.19,0.67,0.42,0.75,0.88,0.84,0.71,AI / Machine Learning,Cybersecurity Engineer,Beginner,68.53
57,0.55,0.95,0.48,0.39,0.91,0.46,0.53,0.54,0.66,0.83,0.66,0.77,0.29,0.49,0.91,0.3,0.32,0.9,0.93,0.74,0.68,0.67,0.49,0.48,0.55,0.89,0.7,0.31,Software Engineering,Frontend Developer,Intermediate,92.5
58,0.77,0.31,0.31,0.69,0.36,0.45,0.28,0.48,0.23,0.53,0.89,0.68,0.17,0.6,0.58,0.27,0.65,0.53,0.62,0.1,0.42,0.7,0.14,0.74,0.05,0.55,0.89,0.42,Data Engineering,Full Stack Developer,Advanced,50.97
59,0.92,0.34,0.63,0.87,0.13,0.57,0.53,0.7,0.89,0.87,0.21,0.84,0.21,0.88,0.95,0.41,0.5,0.89,0.92,0.88,0.84,0.06,0.56,0.15,0.93,0.31,0.94,0.54,Data Engineering,Data Scientist,Advanced,65.74
60,0.22,0.15,0.2,0.46,0.28,0.22,0.71,0.76,0.56,0.73,0.21,0.82,0.86,0.79,0.51,0.13,0.65,0.22,0.18,0.34,0.27,0.28,0.26,0.73,0.91,0.32,0.7,0.06,Cybersecurity,Cybersecurity Engineer,Beginner,43.42
61,0.16,0.33,0.41,0.5,0.86,0.68,0.33,0.16,0.87,0.32,0.6,0.25,0.17,0.19,0.72,0.6,0.42,0.54,0.47,0.53,0.65,0.25,0.27,0.73,0.84,0.12,0.45,0.68,Data Science,DevOps Engineer,Beginner,43.4
62,0.54,0.5,0.57,0.18,0.35,0.52,0.15,0.23,0.57,0.13,0.51,0.78,0.46,0.51,0.46,0.1,0.47,0.78,0.7,0.41,0.78,0.72,0.57,0.09,0.36,0.11,0.94,0.89,Data Science,Full Stack Developer,Beginner,55.79
63,0.21,0.17,0.63,0.71,0.92,0.39,0.85,0.45,0.88,0.39,0.12,0.92,0.84,0.17,0.82,0.16,0.94,0.4,0.16,0.93,0.8,0.73,0.93,0.47,0.7,0.43,0.39,0.26,Data Engineering,Backend Developer,Beginner,55.16
64,0.89,0.7,0.15,0.78,0.43,0.74,0.85,0.06,0.24,0.14,0.08,0.59,0.68,0.09,0.72,0.41,0.26,0.25,0.83,0.1,0.5,0.31,0.78,0.71,0.34,0.59,0.66,0.34,Cloud & DevOps,Data Scientist,Advanced,68.67
65,0.42,0.3,0.55,0.58,0.71,0.21,0.66,0.55,0.09,0.36,0.63,0.39,0.52,0.68,0.42,0.32,0.22,0.53,0.27,0.25,0.82,0.18,0.47,0.1,0.42,0.42,0.53,0.4,Cloud & DevOps,Data Analyst,Intermediate,75.57
66,0.88,0.81,0.13,0.7,0.22,0.29,0.66,0.59,0.84,0.22,0.74,0.7,0.55,0.48,0.83,0.35,0.91,0.06,0.89,0.92,0.16,0.95,0.48,0.27,0.59,0.23,0.87,0.55,Cloud & DevOps,Frontend Developer,Intermediate,69.35
67,0.37,0.29,0.51,0.5,0.14,0.93,0.47,0.81,0.87,0.38,0.42,0.56,0.25,0.18,0.28,0.89,0.57,0.43,0.19,0.35,0.39,0.8,0.5,0.64,0.67,0.28,0.79,0.92,Data Engineering,Full Stack Developer,Beginner,80.3
68,0.37,0.18,0.54,0.22,0.85,0.94,0.91,0.52,0.81,0.12,0.79,0.09,0.06,0.17,0.62,0.11,0.19,0.25,0.46,0.1,0.62,0.89,0.87,0.64,0.06,0.53,0.42,0.07,Cloud & DevOps,Mobile App Developer,Intermediate,40.94
69,0.78,0.66,0.78,0.87,0.15,0.14,0.18,0.22,0.52,0.78,0.29,0.41,0.39,0.42,0.56,0.94,0.25,0.67,0.81,0.64,0.82,0.73,0.13,0.39,0.55,0.1,0.06,0.2,Data Engineering,QA / Automation Engineer,Intermediate,75.47
70,0.35,0.93,0.93,0.86,0.88,0.26,0.86,0.67,0.56,0.29,0.88,0.67,0.3,0.54,0.64,0.21,0.82,0.06,0.24,0.18,0.79,0.79,0.89,0.32,0.56,0.56,0.81,0.66,Cybersecurity,Frontend Developer,Advanced,47.7
71,0.94,0.7,0.5,0.93,0.1,0.44,0.8,0.36,0.74,0.91,0.41,0.75,0.08,0.3,0.94,0.49,0.37,0.9,0.44,0.66,0.64,0.13,0.61,0.77,0.69,0.12,0.19,0.69,Backend Development,Cybersecurity Engineer,Intermediate,57.42
72,0.15,0.05,0.33,0.37,0.29,0.17,0.22,0.45,0.55,0.42,0.07,0.37,0.13,0.59,0.34,0.4,0.31,0.4,0.13,0.86,0.86,0.93,0.56,0.2,0.39,0.17,0.32,0.49,Data Science,Data Scientist,Intermediate,55.18
73,0.32,0.75,0.38,0.9,0.7,0.5,0.61,0.46,0.17,0.06,0.41,0.81,0.39,0.83,0.45,0.44,0.79,0.64,0.58,0.32,0.59,0.68,0.48,0.21,0.41,0.34,0.71,0.62,Web Development,Backend Developer,Intermediate,55.42
74,0.76,0.38,0.89,0.23,0.95,0.21,0.74,0.07,0.7,0.9,0.24,0.77,0.8,0.11,0.81,0.77,0.66,0.18,0.32,0.28,0.19,0.43,0.39,0.45,0.59,0.57,0.53,0.88,Software Engineering,Mobile App Developer,Beginner,83.49
75,0.37,0.86,0.53,0.62,0.13,0.74,0.64,0.37,0.63,0.09,0.94,0.66,0.41,0.73,0.92,0.44,0.06,0.28,0.51,0.52,0.57,0.57,0.45,0.4,0.75,0.58,0.5,0.36,AI / Machine Learning,Full Stack Developer,Beginner,56.25
76,0.88,0.13,0.8,0.71,0.36,0.36,0.76,0.52,0.36,0.14,0.7,0.46,0.11,0.09,0.69,0.07,0.36,0.15,0.77,0.89,0.72,0.51,0.55,0.35,0.43,0.47,0.77,0.62,Backend Development,Cloud Engineer,Advanced,63.77
77,0.08,0.6,0.23,0.58,0.4,0.68,0.24,0.73,0.78,0.11,0.14,0.83,0.22,0.34,0.46,0.29,0.83,0.52,0.63,0.59,0.6,0.58,0.36,0.81,0.61,0.78,0.69,0.32,Data Science,Cloud Engineer,Beginner,57.23
78,0.26,0.16,0.39,0.18,0.4,0.59,0.57,0.43,0.49,0.53,0.88,0.89,0.21,0.2,0.31,0.22,0.81,0.61,0.83,0.91,0.49,0.23,0.4,0.56,0.64,0.42,0.49,0.69,Data Engineering,Full Stack Developer,Beginner,44.55
79,0.08,0.73,0.31,0.3,0.53,0.2,0.46,0.72,0.74,0.54,0.15,0.15,0.75,0.79,0.38,0.79,0.09,0.7,0.54,0.94,0.14,0.8,0.73,0.32,0.95,0.45,0.36,0.79,Data Engineering,QA / Automation Engineer,Beginner,82.66
80,0.26,0.78,0.58,0.37,0.69,0.62,0.2,0.18,0.24,0.24,0.1,0.37,0.3,0.53,0.34,0.68,0.31,0.29,0.82,0.94,0.66,0.14,0.92,0.76,0.88,0.94,0.83,0.16,Backend Development,Data Analyst,Beginner,79.13
81,0.8,0.74,0.66,0.49,0.57,0.29,0.42,0.46,0.62,0.84,0.13,0.51,0.3,0.89,0.38,0.91,0.34,0.05,0.75,0.71,0.71,0.46,0.65,0.37,0.11,0.53,0.25,0.44,Web Development,Full Stack Developer,Intermediate,57.76
82,0.31,0.54,0.17,0.82,0.76,0.85,0.74,0.09,0.61,0.8,0.06,0.89,0.19,0.46,0.94,0.44,0.95,0.87,0.84,0.32,0.84,0.84,0.13,0.37,0.12,0.65,0.63,0.1,Cloud & DevOps,Cybersecurity Engineer,Advanced,81.54
83,0.44,0.13,0.14,0.24,0.12,0.58,0.52,0.45,0.06,0.36,0.16,0.82,0.67,0.48,0.26,0.13,0.78,0.14,0.38,0.32,0.39,0.78,0.84,0.63,0.66,0.11,0.56,0.6,Backend Development,Full Stack Developer,Intermediate,79.73
84,0.62,0.19,0.42,0.67,0.82,0.13,0.14,0.73,0.58,0.4,0.92,0.33,0.18,0.3,0.13,0.55,0.59,0.6,0.75,0.67,0.81,0.64,0.32,0.52,0.51,0.72,0.32,0.1,Web Development,Full Stack Developer,Intermediate,46.2
85,0.5,0.58,0.53,0.93,0.94,0.89,0.17,0.82,0.56,0.38,0.66,0.74,0.91,0.74,0.07,0.11,0.29,0.09,0.1,0.76,0.51,0.62,0.5,0.42,0.68,0.12,0.53,0.6,Cloud & DevOps,AI / ML Engineer,Intermediate,44.35
86,0.88,0.93,0.19,0.34,0.58,0.74,0.63,0.63,0.33,0.44,0.91,0.26,0.27,0.88,0.15,0.6,0.1,0.65,0.64,0.21,0.06,0.17,0.06,0.5,0.36,0.52,0.79,0.28,Cybersecurity,Data Scientist,Advanced,82.96
87,0.29,0.85,0.74,0.08,0.78,0.29,0.11,0.69,0.57,0.12,0.46,0.37,0.5,0.56,0.38,0.28,0.14,0.57,0.7,0.26,0.51,0.09,0.83,0.27,0.47,0.39,0.19,0.89,AI / Machine Learning,Mobile App Developer,Advanced,80.74
88,0.43,0.34,0.42,0.7,0.29,0.12,0.39,0.5,0.86,0.21,0.77,0.93,0.91,0.11,0.47,0.3,0.81,0.34,0.55,0.06,0.23,0.56,0.32,0.61,0.47,0.58,0.49,0.75,Web Development,Cybersecurity Engineer,Advanced,81.83
89,0.27,0.06,0.42,0.26,0.36,0.81,0.84,0.91,0.05,0.64,0.81,0.7,0.14,0.53,0.26,0.49,0.1,0.95,0.69,0.13,0.88,0.86,0.52,0.68,0.39,0.93,0.13,0.14,Backend Development,Cloud Engineer,Intermediate,44.12
90,0.56,0.44,0.92,0.26,0.28,0.33,0.77,0.68,0.71,0.34,0.29,0.12,0.23,0.75,0.58,0.19,0.2,0.47,0.42,0.53,0.92,0.24,0.33,0.29,0.16,0.19,0.67,0.79,AI / Machine Learning,Data Analyst,Intermediate,48.16
91,0.69,0.92,0.41,0.09,0.32,0.79,0.21,0.91,0.82,0.55,0.55,0.14,0.14,0.76,0.16,0.11,0.75,0.25,0.23,0.41,0.67,0.89,0.13,0.58,0.88,0.12,0.95,0.23,Data Engineering,MLOps Engineer,Beginner,45.06
92,0.81,0.78,0.16,0.9,0.1,0.88,0.44,0.7,0.5,0.39,0.43,0.37,0.87,0.3,0.45,0.18,0.6,0.61,0.63,0.5,0.84,0.48,0.13,0.39,0.43,0.63,0.77,0.27,AI / Machine Learning,Frontend Developer,Advanced,59.75
93,0.54,0.49,0.87,0.5,0.4,0.21,0.34,0.25,0.86,0.75,0.1,0.94,0.53,0.74,0.95,0.93,0.14,0.64,0.29,0.78,0.88,0.1,0.95,0.25,0.81,0.77,0.37,0.81,Backend Development,Data Scientist,Beginner,72.59
94,0.78,0.68,0.87,0.08,0.68,0.9,0.56,0.56,0.22,0.94,0.84,0.49,0.33,0.49,0.13,0.26,0.25,0.52,0.05,0.88,0.23,0.17,0.7,0.88,0.81,0.34,0.07,0.58,Backend Development,MLOps Engineer,Beginner,86.56
95,0.82,0.91,0.39,0.9,0.41,0.14,0.32,0.17,0.19,0.9,0.76,0.91,0.63,0.21,0.92,0.67,0.89,0.76,0.25,0.58,0.21,0.33,0.67,0.16,0.71,0.9,0.9,0.4,AI / Machine Learning,Data Scientist,Advanced,57.5
96,0.78,0.6,0.63,0.14,0.5,0.35,0.12,0.36,0.34,0.62,0.92,0.79,0.65,0.71,0.35,0.06,0.24,0.67,0.37,0.76,0.7,0.09,0.44,0.43,0.2,0.42,0.84,0.37,Software Engineering,AI / ML Engineer,Intermediate,83.38
97,0.57,0.73,0.25,0.46,0.77,0.08,0.07,0.29,0.14,0.36,0.85,0.19,0.12,0.9,0.93,0.35,0.94,0.85,0.68,0.44,0.64,0.6,0.44,0.1,0.35,0.93,0.42,0.55,Cloud & DevOps,Cloud Engineer,Intermediate,56.36
98,0.14,0.4,0.54,0.49,0.1,0.05,0.13,0.79,0.61,0.48,0.14,0.24,0.62,0.93,0.48,0.15,0.76,0.47,0.86,0.29,0.63,0.4,0.38,0.39,0.22,0.09,0.45,0.29,Cloud & DevOps,DevOps Engineer,Beginner,48.31
99,0.68,0.14,0.65,0.78,0.42,0.73,0.25,0.1,0.4,0.52,0.92,0.67,0.89,0.57,0.26,0.32,0.41,0.82,0.08,0.56,0.52,0.56,0.93,0.18,0.9,0.45,0.9,0.2,Web Development,MLOps Engineer,Beginner,46.94
100,0.43,0.94,0.44,0.95,0.61,0.8,0.28,0.87,0.87,0.11,0.4,0.41,0.34,0.3,0.46,0.84,0.76,0.61,0.52,0.43,0.42,0.18,0.58,0.73,0.9,0.88,0.56,0.14,Cloud & DevOps,QA / Automation Engineer,Advanced,88.41
101,0.84,0.29,0.64,0.56,0.48,0.2,0.41,0.61,0.66,0.41,0.41,0.84,0.67,0.09,0.48,0.29,0.39,0.35,0.76,0.33,0.81,0.82,0.67,0.93,0.26,0.32,0.72,0.75,Cybersecurity,Data Engineer,Advanced,62.92
102,0.63,0.22,0.24,0.79,0.72,0.73,0.83,0.79,0.51,0.19,0.33,0.51,0.17,0.82,0.84,0.08,0.22,0.8,0.8,0.27,0.46,0.88,0.68,0.3,0.79,0.5,0.62,0.16,AI / Machine Learning,Data Analyst,Intermediate,66.88
103,0.45,0.91,0.48,0.55,0.36,0.8,0.28,0.8,0.13,0.07,0.09,0.82,0.75,0.24,0.25,0.25,0.24,0.64,0.51,0.83,0.92,0.66,0.48,0.17,0.21,0.77,0.25,0.6,Cloud & DevOps,Cybersecurity Engineer,Advanced,75.35
104,0.43,0.39,0.36,0.28,0.47,0.66,0.79,0.41,0.14,0.51,0.65,0.81,0.39,0.63,0.6,0.32,0.15,0.11,0.94,0.63,0.83,0.29,0.69,0.85,0.32,0.18,0.74,0.86,Software Engineering,Cloud Engineer,Intermediate,77.44
105,0.7,0.64,0.95,0.28,0.43,0.4,0.08,0.69,0.56,0.22,0.7,0.25,0.53,0.76,0.87,0.65,0.51,0.81,0.81,0.84,0.21,0.14,0.17,0.28,0.78,0.74,0.21,0.66,Cybersecurity,Cloud Engineer,Beginner,52.22
106,0.25,0.83,0.43,0.85,0.38,0.58,0.47,0.16,0.1,0.62,0.57,0.61,0.47,0.23,0.16,0.66,0.53,0.42,0.83,0.19,0.94,0.36,0.94,0.85,0.94,0.18,0.83,0.21,Data Science,Full Stack Developer,Intermediate,74.71
107,0.21,0.62,0.05,0.3,0.74,0.2,0.74,0.49,0.74,0.13,0.6,0.62,0.41,0.92,0.39,0.08,0.23,0.39,0.06,0.34,0.8,0.22,0.66,0.61,0.27,0.67,0.36,0.17,Software Engineering,Mobile App Developer,Advanced,56.84
108,0.11,0.09,0.9,0.46,0.52,0.52,0.44,0.67,0.17,0.95,0.49,0.73,0.2,0.87,0.78,0.07,0.25,0.94,0.24,0.07,0.5,0.16,0.69,0.76,0.39,0.63,0.74,0.61,AI / Machine Learning,Cloud Engineer,Beginner,75.95
109,0.07,0.67,0.43,0.39,0.54,0.48,0.19,0.68,0.62,0.32,0.65,0.65,0.29,0.6,0.17,0.8,0.14,0.7,0.16,0.15,0.15,0.23,0.23,0.29,0.52,0.23,0.68,0.32,AI / Machine Learning,Mobile App Developer,Intermediate,90.07
110,0.67,0.48,0.26,0.06,0.13,0.15,0.57,0.49,0.9,0.75,0.12,0.7,0.86,0.63,0.46,0.93,0.29,0.1,0.78,0.84,0.82,0.37,0.66,0.43,0.15,0.82,0.85,0.06,Backend Development,Cloud Engineer,Advanced,49.38
111,0.37,0.44,0.61,0.84,0.13,0.78,0.21,0.41,0.92,0.29,0.4,0.82,0.77,0.63,0.77,0.15,0.68,0.1,0.9,0.19,0.42,0.58,0.77,0.66,0.21,0.39,0.37,0.08,Backend Development,Full Stack Developer,Intermediate,46.21
112,0.42,0.09,0.29,0.33,0.68,0.66,0.74,0.57,0.56,0.93,0.65,0.35,0.52,0.68,0.14,0.65,0.27,0.36,0.66,0.4,0.81,0.55,0.94,0.1,0.63,0.19,0.81,0.82,Backend Development,AI / ML Engineer,Intermediate,57.63
113,0.35,0.3,0.51,0.55,0.39,0.79,0.12,0.45,0.57,0.13,0.5,0.33,0.93,0.72,0.07,0.41,0.08,0.54,0.79,0.76,0.92,0.62,0.85,0.56,0.64,0.46,0.36,0.79,Web Development,QA / Automation Engineer,Intermediate,58.26
114,0.74,0.59,0.69,0.38,0.46,0.14,0.64,0.05,0.37,0.62,0.77,0.54,0.39,0.15,0.86,0.49,0.79,0.72,0.42,0.28,0.23,0.16,0.82,0.24,0.79,0.22,0.35,0.73,AI / Machine Learning,Cloud Engineer,Advanced,72.38
115,0.74,0.46,0.64,0.91,0.17,0.5,0.53,0.09,0.89,0.8,0.48,0.51,0.88,0.21,0.57,0.71,0.17,0.4,0.59,0.84,0.5,0.4,0.93,0.87,0.74,0.3,0.92,0.92,Data Engineering,MLOps Engineer,Beginner,47.6
116,0.59,0.85,0.51,0.81,0.54,0.33,0.71,0.55,0.25,0.24,0.69,0.67,0.88,0.17,0.69,0.93,0.21,0.54,0.62,0.69,0.73,0.56,0.57,0.9,0.69,0.66,0.85,0.53,Software Engineering,MLOps Engineer,Beginner,68.75
117,0.07,0.18,0.65,0.23,0.73,0.19,0.31,0.28,0.81,0.67,0.32,0.73,0.08,0.78,0.14,0.83,0.72,0.83,0.72,0.56,0.26,0.76,0.77,0.31,0.65,0.88,0.4,0.91,Cybersecurity,Mobile App Developer,Beginner,40.71
118,0.28,0.61,0.75,0.83,0.8,0.87,0.68,0.63,0.73,0.54,0.59,0.75,0.92,0.31,0.21,0.66,0.22,0.21,0.51,0.39,0.44,0.55,0.17,0.58,0.28,0.35,0.69,0.19,Backend Development,Backend Developer,Advanced,42.8
119,0.89,0.6,0.65,0.49,0.57,0.37,0.76,0.34,0.25,0.22,0.11,0.5,0.42,0.53,0.13,0.25,0.24,0.35,0.37,0.25,0.73,0.53,0.95,0.79,0.93,0.06,0.65,0.45,Web Development,Software Engineer,Advanced,88.71
120,0.39,0.77,0.15,0.28,0.7,0.07,0.52,0.74,0.51,0.51,0.49,0.32,0.64,0.34,0.12,0.14,0.92,0.75,0.53,0.61,0.24,0.62,0.24,0.67,0.8,0.24,0.8,0.84,Software Engineering,Cloud Engineer,Beginner,81.08
121,0.19,0.46,0.35,0.13,0.1,0.76,0.55,0.57,0.25,0.28,0.4,0.62,0.44,0.07,0.66,0.53,0.63,0.61,0.73,0.58,0.68,0.12,0.89,0.15,0.76,0.32,0.13,0.74,Data Engineering,Frontend Developer,Intermediate,85.22
122,0.08,0.19,0.25,0.72,0.77,0.81,0.32,0.62,0.32,0.85,0.92,0.83,0.63,0.91,0.06,0.84,0.18,0.09,0.57,0.4,0.54,0.13,0.24,0.72,0.7,0.24,0.87,0.82,Backend Development,Data Scientist,Beginner,52.14
123,0.8,0.22,0.21,0.77,0.82,0.82,0.89,0.94,0.47,0.54,0.31,0.11,0.14,0.7,0.49,0.35,0.17,0.64,0.14,0.61,0.86,0.34,0.46,0.6,0.33,0.58,0.56,0.38,Cybersecurity,Frontend Developer,Beginner,40.27
124,0.27,0.25,0.72,0.44,0.81,0.17,0.71,0.84,0.47,0.37,0.32,0.55,0.21,0.6,0.81,0.82,0.18,0.53,0.29,0.85,0.12,0.12,0.07,0.51,0.08,0.57,0.41,0.58,AI / Machine Learning,Mobile App Developer,Intermediate,69.89
125,0.95,0.47,0.75,0.38,0.25,0.74,0.71,0.31,0.47,0.51,0.41,0.5,0.65,0.81,0.78,0.6,0.2,0.51,0.45,0.21,0.9,0.64,0.92,0.71,0.49,0.37,0.25,0.49,Data Science,Data Engineer,Intermediate,52.87
126,0.65,0.52,0.76,0.4,0.88,0.84,0.09,0.63,0.14,0.92,0.62,0.3,0.72,0.57,0.56,0.39,0.39,0.58,0.86,0.12,0.28,0.93,0.25,0.42,0.79,0.36,0.76,0.85,AI / Machine Learning,Mobile App Developer,Beginner,64.19
127,0.26,0.51,0.3,0.19,0.19,0.59,0.79,0.64,0.42,0.35,0.15,0.66,0.48,0.58,0.63,0.42,0.27,0.17,0.58,0.17,0.51,0.85,0.18,0.2,0.88,0.51,0.41,0.92,AI / Machine Learning,Cybersecurity Engineer,Advanced,76.4
128,0.31,0.13,0.45,0.94,0.83,0.2,0.8,0.59,0.77,0.79,0.21,0.64,0.29,0.7,0.36,0.46,0.58,0.26,0.4,0.15,0.23,0.82,0.5,0.43,0.18,0.14,0.48,0.6,AI / Machine Learning,MLOps Engineer,Advanced,67.68
129,0.16,0.48,0.17,0.59,0.79,0.86,0.75,0.63,0.52,0.38,0.09,0.53,0.26,0.77,0.76,0.39,0.58,0.72,0.74,0.68,0.14,0.17,0.48,0.26,0.82,0.3,0.84,0.42,Web Development,Software Engineer,Advanced,80.9
130,0.06,0.52,0.52,0.39,0.23,0.77,0.42,0.15,0.43,0.58,0.29,0.53,0.56,0.6,0.94,0.41,0.23,0.55,0.55,0.21,0.55,0.49,0.94,0.57,0.75,0.41,0.17,0.83,Data Science,Cybersecurity Engineer,Beginner,64.56
131,0.68,0.2,0.24,0.41,0.35,0.55,0.68,0.69,0.19,0.92,0.05,0.13,0.18,0.88,0.44,0.11,0.25,0.12,0.08,0.4,0.94,0.6,0.52,0.69,0.59,0.9,0.79,0.63,Data Engineering,Software Engineer,Beginner,86.78
132,0.89,0.52,0.23,0.76,0.51,0.68,0.6,0.66,0.37,0.64,0.93,0.13,0.3,0.41,0.65,0.41,0.23,0.06,0.68,0.88,0.54,0.7,0.55,0.57,0.36,0.78,0.25,0.92,Data Engineering,Frontend Developer,Advanced,40.26
133,0.21,0.51,0.55,0.5,0.36,0.16,0.51,0.28,0.53,0.76,0.28,0.45,0.39,0.49,0.27,0.36,0.75,0.66,0.86,0.83,0.48,0.28,0.39,0.76,0.25,0.68,0.77,0.42,Cybersecurity,Mobile App Developer,Advanced,40.53
134,0.8,0.27,0.13,0.66,0.79,0.12,0.89,0.48,0.37,0.85,0.29,0.9,0.66,0.87,0.5,0.23,0.71,0.84,0.24,0.23,0.27,0.61,0.19,0.15,0.88,0.66,0.65,0.6,AI / Machine Learning,QA / Automation Engineer,Intermediate,60.42
135,0.33,0.86,0.84,0.57,0.3,0.21,0.74,0.51,0.41,0.73,0.17,0.52,0.43,0.9,0.08,0.36,0.82,0.75,0.46,0.16,0.52,0.33,0.06,0.66,0.39,0.14,0.38,0.83,Backend Development,Mobile App Developer,Intermediate,53.04
136,0.47,0.6,0.38,0.5,0.24,0.68,0.39,0.82,0.3,0.21,0.17,0.57,0.26,0.14,0.29,0.26,0.44,0.39,0.18,0.91,0.18,0.78,0.21,0.5,0.95,0.81,0.52,0.7,Data Engineering,Data Engineer,Intermediate,70.92
137,0.56,0.41,0.67,0.1,0.78,0.48,0.62,0.45,0.35,0.37,0.55,0.89,0.28,0.07,0.16,0.83,0.92,0.23,0.57,0.63,0.21,0.75,0.37,0.66,0.49,0.71,0.85,0.39,Cloud & DevOps,Full Stack Developer,Advanced,92.61
138,0.83,0.63,0.89,0.43,0.6,0.41,0.87,0.12,0.36,0.33,0.64,0.69,0.59,0.41,0.85,0.75,0.89,0.72,0.52,0.46,0.2,0.82,0.16,0.26,0.28,0.72,0.72,0.24,Software Engineering,AI / ML Engineer,Beginner,43.51
139,0.84,0.54,0.07,0.41,0.74,0.12,0.29,0.19,0.64,0.85,0.33,0.27,0.31,0.61,0.17,0.8,0.08,0.65,0.82,0.34,0.48,0.93,0.54,0.3,0.45,0.92,0.68,0.21,Data Engineering,Cloud Engineer,Advanced,74.97
140,0.56,0.52,0.63,0.33,0.36,0.54,0.77,0.45,0.38,0.28,0.32,0.05,0.78,0.81,0.36,0.47,0.06,0.88,0.9,0.48,0.06,0.44,0.31,0.26,0.06,0.39,0.42,0.55,Software Engineering,Data Analyst,Beginner,79.32
141,0.63,0.8,0.25,0.12,0.61,0.51,0.77,0.6,0.67,0.29,0.63,0.53,0.29,0.22,0.11,0.17,0.15,0.46,0.46,0.68,0.49,0.34,0.19,0.92,0.07,0.93,0.3,0.16,Data Engineering,Cybersecurity Engineer,Beginner,52.8
142,0.19,0.49,0.36,0.33,0.77,0.95,0.47,0.76,0.35,0.81,0.91,0.1,0.75,0.11,0.47,0.22,0.81,0.79,0.8,0.16,0.74,0.27,0.74,0.45,0.71,0.08,0.46,0.74,Web Development,Full Stack Developer,Intermediate,77.48
143,0.33,0.34,0.62,0.09,0.89,0.52,0.28,0.62,0.23,0.85,0.83,0.25,0.15,0.62,0.34,0.2,0.3,0.16,0.76,0.06,0.09,0.76,0.48,0.59,0.38,0.13,0.19,0.13,Cybersecurity,MLOps Engineer,Advanced,43.3
144,0.37,0.19,0.53,0.15,0.49,0.34,0.55,0.63,0.36,0.85,0.71,0.07,0.39,0.7,0.28,0.09,0.69,0.55,0.54,0.49,0.56,0.54,0.34,0.47,0.83,0.59,0.82,0.19,Backend Development,Full Stack Developer,Intermediate,85.07
145,0.54,0.46,0.75,0.51,0.71,0.84,0.61,0.38,0.61,0.34,0.11,0.92,0.79,0.22,0.66,0.74,0.19,0.3,0.42,0.34,0.14,0.64,0.09,0.89,0.21,0.08,0.15,0.22,AI / Machine Learning,DevOps Engineer,Advanced,86.0
146,0.64,0.52,0.68,0.28,0.38,0.6,0.11,0.89,0.24,0.49,0.85,0.12,0.77,0.1,0.55,0.89,0.42,0.38,0.69,0.79,0.29,0.09,0.11,0.32,0.9,0.91,0.14,0.7,Software Engineering,Data Analyst,Beginner,68.94
147,0.27,0.61,0.21,0.72,0.42,0.14,0.62,0.37,0.46,0.65,0.84,0.2,0.21,0.41,0.35,0.19,0.95,0.45,0.37,0.33,0.94,0.34,0.38,0.74,0.44,0.7,0.6,0.56,Web Development,Frontend Developer,Advanced,90.94
148,0.28,0.92,0.45,0.41,0.7,0.93,0.59,0.52,0.94,0.32,0.32,0.25,0.82,0.07,0.79,0.67,0.3,0.55,0.55,0.88,0.19,0.08,0.37,0.17,0.38,0.57,0.26,0.78,Data Science,DevOps Engineer,Intermediate,71.3
149,0.25,0.12,0.34,0.48,0.49,0.86,0.68,0.79,0.14,0.63,0.08,0.78,0.39,0.75,0.88,0.35,0.84,0.44,0.89,0.16,0.74,0.72,0.81,0.89,0.62,0.62,0.1,0.52,Cybersecurity,Mobile App Developer,Advanced,48.23
150,0.5,0.25,0.1,0.71,0.4,0.45,0.59,0.5,0.25,0.31,0.4,0.17,0.12,0.56,0.09,0.41,0.13,0.5,0.75,0.17,0.17,0.55,0.49,0.64,0.23,0.6,0.71,0.27,Data Science,Data Engineer,Intermediate,57.79
151,0.88,0.13,0.65,0.43,0.36,0.34,0.58,0.07,0.32,0.94,0.6,0.94,0.45,0.18,0.09,0.79,0.23,0.39,0.73,0.82,0.15,0.1,0.9,0.88,0.83,0.79,0.06,0.67,Data Science,Data Engineer,Intermediate,65.92
152,0.35,0.72,0.24,0.54,0.73,0.54,0.61,0.94,0.68,0.65,0.39,0.87,0.52,0.28,0.1,0.23,0.68,0.29,0.47,0.9,0.11,0.64,0.65,0.87,0.37,0.15,0.31,0.85,Software Engineering,Data Analyst,Intermediate,67.97
153,0.69,0.86,0.49,0.59,0.13,0.23,0.92,0.55,0.69,0.09,0.88,0.32,0.49,0.72,0.07,0.67,0.37,0.32,0.95,0.93,0.3,0.11,0.28,0.4,0.95,0.94,0.9,0.9,Web Development,Data Scientist,Intermediate,89.34
154,0.64,0.13,0.39,0.91,0.6,0.61,0.25,0.27,0.19,0.92,0.87,0.35,0.54,0.24,0.17,0.54,0.77,0.83,0.33,0.68,0.52,0.17,0.95,0.93,0.18,0.89,0.88,0.34,Data Science,Data Scientist,Intermediate,86.17
155,0.18,0.08,0.34,0.93,0.92,0.32,0.72,0.79,0.62,0.71,0.19,0.22,0.17,0.07,0.94,0.61,0.6,0.6,0.59,0.26,0.07,0.12,0.75,0.17,0.81,0.47,0.63,0.22,Software Engineering,Full Stack Developer,Intermediate,47.56
156,0.22,0.08,0.74,0.06,0.29,0.42,0.72,0.94,0.73,0.11,0.88,0.94,0.83,0.49,0.34,0.46,0.27,0.41,0.09,0.71,0.39,0.33,0.6,0.72,0.58,0.52,0.84,0.76,Data Science,Full Stack Developer,Intermediate,85.49
157,0.09,0.95,0.52,0.41,0.71,0.55,0.51,0.62,0.09,0.31,0.41,0.32,0.79,0.47,0.43,0.6,0.1,0.52,0.18,0.8,0.46,0.7,0.15,0.75,0.89,0.68,0.17,0.42,Data Engineering,Software Engineer,Beginner,64.95
158,0.86,0.86,0.84,0.13,0.34,0.63,0.69,0.2,0.71,0.13,0.69,0.62,0.13,0.69,0.7,0.93,0.6,0.19,0.55,0.09,0.2,0.35,0.83,0.83,0.2,0.18,0.74,0.1,Cloud & DevOps,Data Engineer,Advanced,82.27
159,0.45,0.61,0.16,0.17,0.23,0.61,0.28,0.46,0.82,0.54,0.06,0.84,0.26,0.58,0.48,0.42,0.12,0.59,0.27,0.54,0.61,0.55,0.79,0.09,0.18,0.64,0.08,0.82,Cloud & DevOps,Backend Developer,Beginner,42.7
160,0.43,0.21,0.65,0.6,0.67,0.59,0.76,0.21,0.46,0.57,0.89,0.13,0.32,0.38,0.39,0.11,0.43,0.55,0.31,0.17,0.68,0.3,0.52,0.52,0.68,0.6,0.15,0.71,Data Science,Full Stack Developer,Advanced,77.88
161,0.89,0.94,0.31,0.6,0.33,0.52,0.95,0.37,0.17,0.56,0.52,0.62,0.49,0.21,0.6,0.69,0.93,0.05,0.07,0.61,0.16,0.81,0.77,0.95,0.42,0.35,0.55,0.62,AI / Machine Learning,Cloud Engineer,Beginner,77.95
162,0.28,0.11,0.32,0.54,0.74,0.15,0.35,0.41,0.56,0.91,0.8,0.22,0.8,0.88,0.48,0.48,0.08,0.17,0.19,0.46,0.83,0.86,0.47,0.78,0.89,0.1,0.52,0.56,Cybersecurity,Mobile App Developer,Advanced,41.03
163,0.57,0.35,0.87,0.77,0.11,0.18,0.81,0.36,0.39,0.53,0.2,0.6,0.22,0.16,0.75,0.33,0.82,0.69,0.29,0.13,0.84,0.38,0.8,0.32,0.52,0.21,0.39,0.08,Web Development,AI / ML Engineer,Intermediate,67.83
164,0.77,0.86,0.19,0.36,0.49,0.84,0.33,0.34,0.74,0.14,0.93,0.51,0.94,0.23,0.08,0.4,0.83,0.15,0.33,0.09,0.81,0.83,0.35,0.85,0.14,0.74,0.72,0.07,Cloud & DevOps,Cloud Engineer,Beginner,57.65
165,0.22,0.3,0.34,0.45,0.16,0.18,0.3,0.06,0.61,0.51,0.24,0.37,0.34,0.18,0.68,0.3,0.27,0.11,0.6,0.35,0.45,0.17,0.47,0.66,0.15,0.1,0.43,0.21,Data Engineering,DevOps Engineer,Intermediate,57.18
166,0.79,0.69,0.65,0.53,0.93,0.73,0.47,0.17,0.78,0.88,0.47,0.46,0.67,0.69,0.47,0.26,0.25,0.82,0.61,0.87,0.4,0.68,0.65,0.76,0.84,0.46,0.08,0.48,Cybersecurity,Full Stack Developer,Intermediate,86.52
167,0.3,0.36,0.57,0.51,0.42,0.69,0.15,0.55,0.11,0.32,0.46,0.58,0.26,0.27,0.19,0.48,0.11,0.24,0.67,0.44,0.93,0.56,0.36,0.67,0.21,0.65,0.72,0.69,Data Engineering,AI / ML Engineer,Advanced,72.78
168,0.34,0.14,0.45,0.33,0.42,0.59,0.67,0.59,0.79,0.34,0.63,0.11,0.25,0.18,0.57,0.73,0.78,0.73,0.64,0.46,0.31,0.6,0.45,0.24,0.84,0.32,0.76,0.66,Software Engineering,Cybersecurity Engineer,Intermediate,94.47
169,0.57,0.6,0.51,0.81,0.82,0.11,0.86,0.92,0.05,0.55,0.93,0.15,0.3,0.08,0.44,0.58,0.61,0.69,0.42,0.44,0.24,0.21,0.18,0.55,0.81,0.37,0.43,0.31,Backend Development,Data Scientist,Beginner,43.95
170,0.06,0.7,0.49,0.44,0.94,0.13,0.63,0.42,0.46,0.76,0.59,0.43,0.21,0.51,0.55,0.46,0.37,0.22,0.59,0.57,0.81,0.26,0.5,0.42,0.54,0.38,0.93,0.56,Cybersecurity,AI / ML Engineer,Advanced,66.48
171,0.67,0.18,0.71,0.94,0.94,0.75,0.47,0.12,0.85,0.13,0.48,0.72,0.91,0.12,0.62,0.77,0.33,0.1,0.36,0.75,0.47,0.51,0.47,0.71,0.43,0.91,0.77,0.31,AI / Machine Learning,Cybersecurity Engineer,Advanced,81.22
172,0.7,0.56,0.11,0.48,0.2,0.1,0.94,0.78,0.61,0.31,0.12,0.51,0.82,0.3,0.17,0.3,0.82,0.06,0.15,0.21,0.58,0.19,0.45,0.78,0.29,0.68,0.49,0.77,AI / Machine Learning,Backend Developer,Beginner,93.2
173,0.59,0.79,0.8,0.73,0.42,0.39,0.64,0.7,0.2,0.57,0.81,0.1,0.29,0.79,0.1,0.47,0.48,0.48,0.9,0.88,0.26,0.67,0.4,0.29,0.53,0.44,0.31,0.77,Software Engineering,Cloud Engineer,Intermediate,92.9
174,0.66,0.09,0.88,0.62,0.91,0.44,0.88,0.82,0.35,0.29,0.14,0.64,0.4,0.75,0.72,0.71,0.58,0.23,0.35,0.67,0.21,0.54,0.66,0.8,0.06,0.14,0.14,0.45,Web Development,Cybersecurity Engineer,Intermediate,53.85
175,0.08,0.61,0.1,0.58,0.85,0.25,0.59,0.16,0.91,0.13,0.59,0.39,0.74,0.63,0.77,0.22,0.15,0.22,0.32,0.64,0.12,0.46,0.95,0.74,0.67,0.65,0.74,0.28,Data Science,Data Engineer,Beginner,61.05
176,0.35,0.1,0.91,0.29,0.45,0.49,0.89,0.6,0.21,0.49,0.18,0.74,0.25,0.63,0.87,0.69,0.14,0.12,0.56,0.28,0.45,0.86,0.18,0.63,0.89,0.65,0.29,0.68,Software Engineering,DevOps Engineer,Beginner,68.35
177,0.9,0.49,0.44,0.81,0.75,0.76,0.54,0.05,0.91,0.79,0.48,0.56,0.89,0.37,0.66,0.41,0.62,0.91,0.13,0.53,0.91,0.12,0.46,0.74,0.63,0.21,0.09,0.4,Web Development,Data Engineer,Advanced,61.46
178,0.15,0.67,0.49,0.85,0.44,0.22,0.08,0.07,0.95,0.26,0.4,0.76,0.63,0.5,0.92,0.78,0.92,0.06,0.36,0.35,0.7,0.41,0.24,0.64,0.52,0.9,0.83,0.53,Web Development,AI / ML Engineer,Beginner,80.45
179,0.49,0.07,0.87,0.61,0.27,0.63,0.06,0.62,0.86,0.79,0.14,0.6,0.8,0.11,0.79,0.15,0.59,0.6,0.11,0.23,0.35,0.8,0.71,0.41,0.16,0.67,0.54,0.34,Web Development,MLOps Engineer,Beginner,72.62
180,0.35,0.16,0.18,0.42,0.68,0.55,0.44,0.88,0.09,0.14,0.81,0.6,0.75,0.06,0.49,0.06,0.21,0.13,0.64,0.85,0.42,0.78,0.75,0.67,0.24,0.63,0.52,0.42,Backend Development,DevOps Engineer,Advanced,42.07
181,0.21,0.5,0.91,0.61,0.75,0.36,0.05,0.26,0.16,0.53,0.14,0.38,0.74,0.54,0.25,0.74,0.64,0.3,0.22,0.77,0.67,0.92,0.48,0.21,0.65,0.09,0.63,0.31,Software Engineering,Data Engineer,Intermediate,73.93
182,0.85,0.46,0.14,0.1,0.53,0.19,0.08,0.51,0.11,0.26,0.45,0.57,0.43,0.72,0.86,0.26,0.15,0.26,0.26,0.42,0.23,0.85,0.12,0.58,0.1,0.44,0.24,0.6,Backend Development,Frontend Developer,Intermediate,47.5
183,0.7,0.62,0.93,0.23,0.16,0.67,0.1,0.17,0.82,0.46,0.2,0.36,0.85,0.59,0.76,0.62,0.6,0.2,0.92,0.82,0.13,0.82,0.49,0.95,0.58,0.8,0.3,0.71,Web Development,Data Analyst,Intermediate,63.88
184,0.25,0.88,0.9,0.87,0.86,0.43,0.09,0.94,0.71,0.5,0.43,0.4,0.78,0.68,0.14,0.5,0.12,0.73,0.67,0.42,0.25,0.37,0.27,0.95,0.06,0.65,0.2,0.46,AI / Machine Learning,Full Stack Developer,Intermediate,82.45
185,0.84,0.41,0.76,0.38,0.47,0.62,0.82,0.11,0.85,0.35,0.08,0.43,0.29,0.9,0.54,0.77,0.76,0.12,0.84,0.71,0.1,0.9,0.66,0.85,0.15,0.38,0.61,0.38,Backend Development,Cloud Engineer,Advanced,78.77
186,0.55,0.75,0.17,0.35,0.54,0.63,0.71,0.73,0.83,0.68,0.73,0.73,0.34,0.86,0.5,0.43,0.1,0.39,0.46,0.5,0.8,0.47,0.53,0.79,0.86,0.46,0.38,0.66,Data Science,Data Analyst,Intermediate,44.8
187,0.4,0.21,0.91,0.12,0.2,0.15,0.18,0.19,0.23,0.91,0.07,0.42,0.66,0.89,0.48,0.43,0.71,0.07,0.22,0.07,0.77,0.8,0.52,0.35,0.57,0.64,0.76,0.49,Data Engineering,Full Stack Developer,Intermediate,71.2
188,0.86,0.33,0.76,0.25,0.38,0.31,0.81,0.18,0.31,0.91,0.61,0.19,0.53,0.21,0.21,0.69,0.86,0.77,0.2,0.16,0.94,0.57,0.45,0.38,0.23,0.69,0.65,0.93,Backend Development,Backend Developer,Intermediate,69.69
189,0.2,0.32,0.88,0.41,0.5,0.18,0.46,0.34,0.05,0.71,0.93,0.35,0.68,0.48,0.31,0.9,0.93,0.57,0.18,0.56,0.87,0.45,0.67,0.71,0.86,0.18,0.55,0.33,Software Engineering,DevOps Engineer,Beginner,64.53
190,0.13,0.1,0.63,0.58,0.25,0.89,0.3,0.07,0.53,0.45,0.65,0.13,0.51,0.23,0.34,0.59,0.9,0.87,0.37,0.18,0.82,0.38,0.39,0.31,0.37,0.93,0.84,0.13,Data Engineering,Cybersecurity Engineer,Intermediate,84.2
191,0.31,0.78,0.92,0.43,0.86,0.18,0.58,0.13,0.24,0.48,0.83,0.94,0.11,0.91,0.73,0.13,0.42,0.87,0.42,0.55,0.69,0.73,0.17,0.22,0.39,0.55,0.09,0.79,Cloud & DevOps,Full Stack Developer,Advanced,80.69
192,0.25,0.76,0.19,0.32,0.63,0.62,0.16,0.65,0.31,0.21,0.87,0.63,0.08,0.74,0.49,0.92,0.59,0.38,0.48,0.44,0.28,0.67,0.93,0.79,0.39,0.71,0.07,0.28,AI / Machine Learning,Data Scientist,Intermediate,65.36
193,0.67,0.37,0.1,0.38,0.62,0.91,0.09,0.31,0.63,0.12,0.22,0.62,0.74,0.59,0.2,0.34,0.33,0.81,0.77,0.29,0.68,0.38,0.53,0.37,0.18,0.17,0.3,0.75,Software Engineering,Backend Developer,Beginner,45.63
194,0.19,0.25,0.22,0.86,0.6,0.8,0.52,0.53,0.55,0.73,0.15,0.46,0.12,0.79,0.88,0.48,0.33,0.38,0.79,0.85,0.59,0.74,0.36,0.69,0.08,0.78,0.25,0.82,Backend Development,Cybersecurity Engineer,Beginner,56.91
195,0.24,0.93,0.43,0.74,0.15,0.07,0.49,0.44,0.23,0.08,0.64,0.58,0.47,0.87,0.09,0.32,0.06,0.14,0.16,0.59,0.58,0.23,0.65,0.08,0.18,0.72,0.3,0.57,Cybersecurity,Data Scientist,Advanced,82.94
196,0.6,0.5,0.11,0.79,0.74,0.53,0.69,0.92,0.2,0.73,0.05,0.7,0.88,0.88,0.82,0.48,0.68,0.22,0.66,0.15,0.8,0.93,0.43,0.51,0.42,0.74,0.33,0.47,Backend Development,Full Stack Developer,Intermediate,78.76
197,0.55,0.09,0.35,0.15,0.31,0.59,0.33,0.93,0.45,0.55,0.31,0.82,0.22,0.11,0.81,0.48,0.66,0.21,0.95,0.49,0.14,0.44,0.64,0.13,0.18,0.41,0.58,0.14,Backend Development,AI / ML Engineer,Intermediate,93.64
198,0.35,0.59,0.94,0.16,0.8,0.7,0.3,0.69,0.57,0.3,0.76,0.63,0.41,0.48,0.59,0.41,0.49,0.3,0.74,0.15,0.28,0.5,0.62,0.17,0.14,0.1,0.11,0.66,Backend Development,Frontend Developer,Advanced,77.36
199,0.19,0.61,0.14,0.12,0.73,0.74,0.76,0.23,0.65,0.49,0.29,0.36,0.82,0.54,0.91,0.08,0.44,0.87,0.4,0.33,0.39,0.46,0.08,0.55,0.82,0.32,0.69,0.49,Backend Development,Data Engineer,Advanced,61.4
200,0.74,0.56,0.49,0.55,0.54,0.47,0.56,0.19,0.1,0.29,0.58,0.39,0.66,0.74,0.31,0.11,0.58,0.17,0.38,0.78,0.58,0.74,0.61,0.39,0.44,0.94,0.42,0.1,Web Development,Data Analyst,Beginner,75.64
201,0.58,0.87,0.11,0.32,0.35,0.07,0.34,0.46,0.83,0.56,0.86,0.29,0.68,0.58,0.94,0.39,0.4,0.57,0.78,0.14,0.66,0.35,0.5,0.74,0.36,0.6,0.38,0.44,Data Engineering,Cloud Engineer,Beginner,86.22
202,0.53,0.31,0.09,0.95,0.41,0.25,0.72,0.13,0.81,0.14,0.35,0.11,0.77,0.48,0.24,0.77,0.64,0.32,0.77,0.44,0.54,0.23,0.41,0.61,0.46,0.74,0.21,0.07,Backend Development,DevOps Engineer,Intermediate,51.71
203,0.92,0.72,0.47,0.89,0.53,0.6,0.74,0.44,0.56,0.61,0.52,0.38,0.18,0.19,0.67,0.32,0.44,0.34,0.8,0.11,0.23,0.42,0.79,0.63,0.28,0.59,0.42,0.15,Web Development,Software Engineer,Beginner,83.84
204,0.33,0.49,0.94,0.43,0.87,0.23,0.3,0.08,0.76,0.3,0.55,0.63,0.09,0.7,0.75,0.1,0.86,0.33,0.32,0.11,0.91,0.86,0.65,0.85,0.41,0.81,0.81,0.26,Data Science,Mobile App Developer,Advanced,85.59
205,0.9,0.89,0.28,0.85,0.26,0.16,0.78,0.35,0.58,0.4,0.72,0.26,0.43,0.18,0.21,0.92,0.45,0.28,0.58,0.49,0.39,0.9,0.33,0.43,0.66,0.92,0.84,0.89,Cybersecurity,Full Stack Developer,Advanced,60.23
206,0.33,0.63,0.86,0.08,0.72,0.77,0.1,0.88,0.65,0.28,0.4,0.63,0.68,0.86,0.67,0.53,0.26,0.45,0.06,0.91,0.88,0.88,0.32,0.89,0.73,0.32,0.82,0.19,Data Engineering,Cloud Engineer,Intermediate,88.37
207,0.74,0.42,0.08,0.83,0.79,0.9,0.47,0.42,0.81,0.7,0.84,0.79,0.79,0.68,0.51,0.37,0.59,0.78,0.71,0.46,0.07,0.1,0.63,0.62,0.76,0.17,0.41,0.62,Cybersecurity,DevOps Engineer,Beginner,46.1
208,0.27,0.69,0.74,0.63,0.17,0.58,0.42,0.9,0.46,0.84,0.17,0.21,0.58,0.34,0.3,0.13,0.38,0.4,0.39,0.8,0.56,0.07,0.07,0.55,0.6,0.26,0.13,0.47,Cloud & DevOps,Cybersecurity Engineer,Beginner,42.74
209,0.61,0.59,0.18,0.91,0.2,0.56,0.06,0.52,0.75,0.89,0.79,0.49,0.25,0.23,0.9,0.78,0.29,0.72,0.39,0.44,0.24,0.24,0.79,0.7,0.22,0.21,0.76,0.08,Cloud & DevOps,Data Analyst,Advanced,64.8
210,0.27,0.57,0.63,0.13,0.47,0.83,0.93,0.41,0.24,0.4,0.43,0.59,0.12,0.55,0.1,0.89,0.47,0.37,0.6,0.65,0.77,0.69,0.78,0.05,0.5,0.39,0.93,0.65,Backend Development,Mobile App Developer,Beginner,71.93
211,0.28,0.5,0.89,0.84,0.17,0.34,0.53,0.18,0.16,0.09,0.17,0.83,0.8,0.72,0.88,0.3,0.84,0.6,0.74,0.29,0.33,0.85,0.33,0.95,0.74,0.19,0.82,0.64,Data Engineering,Software Engineer,Beginner,48.17
212,0.26,0.08,0.28,0.69,0.44,0.95,0.88,0.09,0.37,0.69,0.49,0.49,0.81,0.83,0.16,0.13,0.83,0.21,0.2,0.51,0.3,0.85,0.58,0.58,0.92,0.52,0.56,0.42,Data Science,Data Analyst,Intermediate,77.23
213,0.85,0.07,0.66,0.66,0.4,0.58,0.91,0.8,0.19,0.12,0.8,0.64,0.46,0.91,0.58,0.06,0.92,0.64,0.91,0.34,0.71,0.71,0.91,0.56,0.24,0.09,0.63,0.34,AI / Machine Learning,Cybersecurity Engineer,Beginner,70.09
214,0.59,0.13,0.28,0.27,0.74,0.41,0.07,0.24,0.4,0.41,0.63,0.91,0.19,0.32,0.77,0.71,0.88,0.86,0.59,0.37,0.14,0.38,0.23,0.45,0.4,0.29,0.59,0.13,Software Engineering,MLOps Engineer,Intermediate,73.76
215,0.44,0.43,0.09,0.36,0.47,0.25,0.67,0.19,0.5,0.62,0.52,0.31,0.44,0.87,0.48,0.18,0.17,0.86,0.81,0.52,0.32,0.09,0.12,0.09,0.15,0.43,0.14,0.64,Cloud & DevOps,Backend Developer,Intermediate,72.21
216,0.74,0.06,0.72,0.47,0.76,0.81,0.09,0.42,0.68,0.33,0.7,0.73,0.45,0.78,0.36,0.88,0.78,0.24,0.12,0.93,0.28,0.66,0.44,0.07,0.41,0.06,0.64,0.46,Software Engineering,QA / Automation Engineer,Advanced,93.12
217,0.59,0.49,0.61,0.93,0.37,0.66,0.67,0.41,0.32,0.16,0.06,0.15,0.06,0.92,0.82,0.24,0.63,0.63,0.44,0.61,0.76,0.22,0.32,0.47,0.48,0.07,0.2,0.19,Data Engineering,Full Stack Developer,Intermediate,41.08
218,0.45,0.27,0.32,0.8,0.4,0.35,0.14,0.81,0.44,0.42,0.5,0.57,0.71,0.95,0.08,0.41,0.51,0.7,0.89,0.86,0.83,0.26,0.1,0.07,0.57,0.55,0.29,0.63,Data Engineering,AI / ML Engineer,Intermediate,74.25
219,0.63,0.45,0.44,0.2,0.7,0.47,0.44,0.51,0.58,0.67,0.88,0.82,0.69,0.47,0.84,0.7,0.4,0.43,0.9,0.64,0.37,0.48,0.92,0.2,0.24,0.67,0.13,0.48,Backend Development,Data Analyst,Beginner,73.32
220,0.14,0.42,0.94,0.32,0.24,0.09,0.07,0.84,0.37,0.19,0.8,0.86,0.08,0.11,0.44,0.61,0.16,0.25,0.28,0.36,0.37,0.09,0.84,0.29,0.19,0.67,0.51,0.65,AI / Machine Learning,Full Stack Developer,Intermediate,92.95
221,0.73,0.93,0.75,0.6,0.82,0.14,0.56,0.51,0.2,0.16,0.23,0.38,0.71,0.69,0.74,0.5,0.83,0.19,0.38,0.79,0.16,0.23,0.92,0.74,0.06,0.8,0.48,0.31,Backend Development,AI / ML Engineer,Intermediate,60.48
222,0.73,0.37,0.65,0.19,0.73,0.43,0.26,0.77,0.42,0.42,0.46,0.82,0.77,0.38,0.08,0.18,0.06,0.78,0.9,0.13,0.33,0.93,0.2,0.11,0.73,0.64,0.63,0.86,AI / Machine Learning,Cloud Engineer,Advanced,83.95
223,0.84,0.93,0.43,0.85,0.68,0.84,0.7,0.33,0.36,0.79,0.86,0.6,0.18,0.41,0.63,0.85,0.61,0.61,0.45,0.36,0.78,0.63,0.75,0.84,0.13,0.53,0.4,0.7,Backend Development,Mobile App Developer,Advanced,55.62
224,0.13,0.55,0.52,0.73,0.19,0.08,0.77,0.58,0.27,0.75,0.7,0.94,0.15,0.1,0.39,0.61,0.37,0.09,0.64,0.16,0.32,0.71,0.46,0.93,0.77,0.94,0.56,0.85,Web Development,Backend Developer,Intermediate,55.65
225,0.76,0.69,0.66,0.69,0.52,0.27,0.35,0.57,0.79,0.38,0.14,0.69,0.8,0.12,0.11,0.85,0.48,0.45,0.38,0.52,0.58,0.52,0.41,0.29,0.5,0.43,0.45,0.89,Data Engineering,Cybersecurity Engineer,Intermediate,85.31
226,0.18,0.16,0.69,0.17,0.68,0.83,0.16,0.24,0.48,0.72,0.9,0.38,0.91,0.59,0.42,0.16,0.56,0.09,0.19,0.38,0.94,0.32,0.49,0.76,0.18,0.58,0.09,0.85,Cloud & DevOps,Data Analyst,Beginner,85.05
227,0.49,0.16,0.36,0.83,0.43,0.57,0.56,0.86,0.75,0.48,0.7,0.6,0.74,0.5,0.46,0.45,0.45,0.83,0.34,0.77,0.65,0.42,0.26,0.41,0.54,0.91,0.85,0.71,Data Science,QA / Automation Engineer,Beginner,78.9
228,0.56,0.77,0.69,0.55,0.16,0.55,0.22,0.61,0.57,0.1,0.56,0.22,0.48,0.86,0.16,0.89,0.21,0.07,0.76,0.27,0.69,0.85,0.45,0.78,0.6,0.41,0.09,0.83,AI / Machine Learning,Backend Developer,Intermediate,49.93
229,0.07,0.53,0.39,0.13,0.93,0.54,0.31,0.21,0.74,0.19,0.91,0.66,0.1,0.92,0.21,0.69,0.32,0.14,0.18,0.85,0.28,0.9,0.86,0.1,0.27,0.59,0.26,0.51,Software Engineering,AI / ML Engineer,Intermediate,43.33
230,0.47,0.42,0.49,0.42,0.26,0.85,0.29,0.92,0.66,0.27,0.55,0.76,0.32,0.42,0.13,0.62,0.23,0.92,0.39,0.94,0.75,0.53,0.43,0.87,0.46,0.05,0.47,0.8,Cloud & DevOps,Cloud Engineer,Beginner,40.03
231,0.89,0.48,0.59,0.81,0.39,0.37,0.62,0.58,0.51,0.09,0.72,0.56,0.32,0.41,0.16,0.18,0.55,0.3,0.44,0.6,0.91,0.34,0.66,0.36,0.29,0.73,0.46,0.27,Cybersecurity,Backend Developer,Beginner,65.29
232,0.59,0.06,0.67,0.63,0.05,0.48,0.86,0.66,0.42,0.86,0.68,0.74,0.53,0.76,0.63,0.12,0.08,0.8,0.65,0.66,0.37,0.78,0.79,0.37,0.21,0.74,0.68,0.06,Data Engineering,Backend Developer,Beginner,64.45
233,0.25,0.07,0.3,0.88,0.37,0.13,0.6,0.32,0.7,0.26,0.49,0.38,0.3,0.86,0.69,0.24,0.23,0.79,0.41,0.83,0.56,0.49,0.55,0.64,0.56,0.66,0.56,0.11,Backend Development,Cybersecurity Engineer,Beginner,47.01
234,0.89,0.82,0.84,0.71,0.3,0.81,0.07,0.92,0.66,0.6,0.66,0.84,0.05,0.43,0.66,0.64,0.82,0.34,0.81,0.42,0.16,0.52,0.5,0.52,0.09,0.7,0.09,0.88,Data Engineering,Backend Developer,Beginner,61.55
235,0.35,0.84,0.78,0.94,0.25,0.67,0.91,0.88,0.23,0.35,0.11,0.61,0.08,0.44,0.07,0.77,0.89,0.81,0.27,0.48,0.91,0.8,0.79,0.52,0.26,0.12,0.59,0.44,Data Science,Cloud Engineer,Intermediate,71.84
236,0.13,0.1,0.08,0.33,0.81,0.11,0.16,0.88,0.45,0.32,0.61,0.11,0.66,0.55,0.32,0.39,0.14,0.73,0.26,0.59,0.64,0.06,0.4,0.77,0.84,0.61,0.36,0.89,AI / Machine Learning,Full Stack Developer,Advanced,58.05
237,0.22,0.14,0.59,0.11,0.76,0.22,0.57,0.62,0.28,0.43,0.7,0.45,0.27,0.77,0.1,0.33,0.44,0.91,0.73,0.33,0.85,0.75,0.18,0.33,0.36,0.38,0.06,0.58,Backend Development,Software Engineer,Beginner,67.89
238,0.8,0.82,0.43,0.23,0.23,0.87,0.76,0.36,0.65,0.68,0.93,0.59,0.35,0.57,0.92,0.6,0.43,0.2,0.46,0.76,0.09,0.25,0.05,0.25,0.26,0.61,0.27,0.71,Cybersecurity,MLOps Engineer,Advanced,60.68
239,0.41,0.79,0.06,0.06,0.37,0.55,0.18,0.45,0.62,0.87,0.37,0.93,0.23,0.31,0.25,0.29,0.21,0.81,0.27,0.23,0.21,0.29,0.14,0.8,0.17,0.64,0.85,0.35,Web Development,Data Engineer,Intermediate,53.21
240,0.78,0.64,0.9,0.93,0.95,0.84,0.84,0.11,0.18,0.88,0.77,0.22,0.39,0.39,0.59,0.93,0.27,0.09,0.6,0.22,0.53,0.76,0.34,0.1,0.77,0.84,0.82,0.92,Data Engineering,Data Analyst,Advanced,44.48
241,0.47,0.65,0.11,0.51,0.73,0.63,0.51,0.5,0.47,0.34,0.39,0.68,0.69,0.5,0.29,0.41,0.88,0.58,0.08,0.25,0.23,0.83,0.41,0.33,0.85,0.56,0.89,0.39,Data Science,Data Scientist,Beginner,56.23
242,0.52,0.26,0.09,0.51,0.35,0.46,0.44,0.38,0.5,0.3,0.07,0.45,0.29,0.12,0.86,0.32,0.5,0.54,0.12,0.3,0.25,0.16,0.37,0.54,0.35,0.66,0.28,0.72,Cloud & DevOps,Data Analyst,Advanced,73.22
243,0.17,0.82,0.69,0.54,0.29,0.74,0.3,0.36,0.95,0.9,0.79,0.73,0.06,0.64,0.94,0.91,0.83,0.25,0.7,0.24,0.26,0.58,0.55,0.47,0.78,0.36,0.13,0.81,Software Engineering,MLOps Engineer,Advanced,62.97
244,0.44,0.82,0.08,0.18,0.84,0.33,0.71,0.5,0.64,0.37,0.25,0.43,0.73,0.74,0.67,0.32,0.58,0.56,0.08,0.18,0.93,0.94,0.56,0.77,0.87,0.57,0.4,0.39,Software Engineering,AI / ML Engineer,Advanced,61.25
245,0.48,0.35,0.92,0.63,0.32,0.2,0.66,0.21,0.79,0.59,0.07,0.23,0.87,0.4,0.24,0.31,0.52,0.46,0.38,0.06,0.34,0.87,0.4,0.94,0.17,0.43,0.72,0.4,Web Development,Data Scientist,Beginner,57.04
246,0.79,0.65,0.19,0.57,0.33,0.23,0.7,0.46,0.23,0.94,0.45,0.79,0.59,0.27,0.35,0.56,0.49,0.47,0.09,0.13,0.63,0.88,0.36,0.81,0.76,0.4,0.79,0.81,Software Engineering,Data Analyst,Beginner,89.5
247,0.71,0.46,0.87,0.22,0.56,0.4,0.9,0.27,0.83,0.3,0.62,0.31,0.87,0.68,0.7,0.25,0.49,0.94,0.55,0.95,0.12,0.14,0.74,0.34,0.46,0.28,0.51,0.47,Data Science,Cloud Engineer,Advanced,77.16
248,0.47,0.36,0.41,0.22,0.08,0.28,0.69,0.17,0.65,0.47,0.47,0.12,0.64,0.69,0.44,0.47,0.3,0.2,0.8,0.6,0.21,0.16,0.72,0.2,0.65,0.06,0.3,0.45,Backend Development,Data Analyst,Advanced,41.89
249,0.66,0.24,0.68,0.8,0.78,0.63,0.69,0.86,0.4,0.33,0.1,0.05,0.75,0.74,0.89,0.39,0.26,0.13,0.43,0.94,0.35,0.22,0.65,0.25,0.84,0.77,0.8,0.2,Backend Development,Software Engineer,Intermediate,68.19
250,0.78,0.34,0.61,0.61,0.89,0.41,0.44,0.26,0.15,0.34,0.06,0.64,0.06,0.24,0.25,0.64,0.3,0.61,0.09,0.85,0.42,0.74,0.5,0.94,0.69,0.76,0.88,0.56,Cloud & DevOps,AI / ML Engineer,Advanced,57.84
251,0.62,0.4,0.88,0.74,0.17,0.21,0.74,0.67,0.93,0.65,0.11,0.07,0.87,0.45,0.51,0.72,0.5,0.68,0.06,0.07,0.73,0.16,0.26,0.44,0.27,0.12,0.17,0.5,Web Development,Data Scientist,Intermediate,51.24
252,0.08,0.88,0.59,0.9,0.72,0.35,0.3,0.63,0.73,0.52,0.93,0.63,0.31,0.07,0.81,0.35,0.27,0.54,0.87,0.65,0.27,0.67,0.7,0.6,0.39,0.34,0.45,0.06,Data Engineering,AI / ML Engineer,Beginner,42.87
253,0.94,0.89,0.16,0.21,0.54,0.77,0.23,0.51,0.43,0.47,0.2,0.23,0.43,0.6,0.32,0.57,0.92,0.23,0.83,0.48,0.91,0.37,0.39,0.47,0.43,0.6,0.44,0.19,Data Engineering,Software Engineer,Intermediate,63.51
254,0.12,0.87,0.32,0.53,0.55,0.21,0.39,0.33,0.3,0.56,0.48,0.35,0.69,0.23,0.87,0.05,0.83,0.71,0.39,0.41,0.42,0.41,0.72,0.4,0.33,0.94,0.11,0.85,Data Science,Frontend Developer,Advanced,48.93
255,0.74,0.91,0.74,0.73,0.36,0.69,0.62,0.38,0.1,0.4,0.43,0.27,0.48,0.88,0.38,0.69,0.08,0.65,0.18,0.59,0.9,0.18,0.27,0.57,0.65,0.2,0.16,0.13,Software Engineering,Frontend Developer,Advanced,72.24
256,0.86,0.52,0.22,0.43,0.8,0.28,0.32,0.92,0.64,0.39,0.33,0.42,0.84,0.7,0.13,0.62,0.75,0.36,0.18,0.72,0.89,0.41,0.33,0.94,0.78,0.05,0.11,0.68,Software Engineering,Cloud Engineer,Intermediate,80.32
257,0.2,0.39,0.68,0.23,0.21,0.9,0.46,0.78,0.22,0.1,0.21,0.73,0.28,0.86,0.42,0.61,0.61,0.83,0.2,0.31,0.39,0.3,0.36,0.58,0.48,0.66,0.14,0.1,AI / Machine Learning,Cloud Engineer,Advanced,83.41
258,0.09,0.24,0.76,0.39,0.52,0.92,0.29,0.49,0.73,0.59,0.35,0.66,0.36,0.33,0.27,0.38,0.41,0.6,0.93,0.84,0.78,0.05,0.83,0.41,0.8,0.88,0.07,0.16,Cloud & DevOps,Cybersecurity Engineer,Beginner,60.26
259,0.61,0.64,0.48,0.42,0.22,0.94,0.91,0.78,0.06,0.37,0.09,0.78,0.34,0.45,0.6,0.41,0.6,0.12,0.44,0.89,0.89,0.94,0.82,0.86,0.71,0.31,0.23,0.18,AI / Machine Learning,Data Scientist,Intermediate,83.83
260,0.32,0.66,0.54,0.84,0.2,0.45,0.15,0.65,0.27,0.24,0.73,0.64,0.13,0.44,0.69,0.19,0.89,0.86,0.74,0.25,0.28,0.48,0.86,0.16,0.17,0.53,0.7,0.13,Cybersecurity,QA / Automation Engineer,Beginner,91.25
261,0.74,0.59,0.63,0.39,0.7,0.71,0.39,0.63,0.56,0.82,0.78,0.25,0.15,0.13,0.13,0.72,0.89,0.72,0.15,0.38,0.82,0.91,0.57,0.05,0.11,0.53,0.81,0.93,Cybersecurity,MLOps Engineer,Intermediate,83.86
262,0.89,0.16,0.65,0.58,0.15,0.06,0.82,0.33,0.78,0.32,0.25,0.66,0.18,0.31,0.72,0.81,0.79,0.08,0.34,0.5,0.67,0.3,0.81,0.57,0.62,0.24,0.31,0.92,AI / Machine Learning,MLOps Engineer,Intermediate,48.4
263,0.7,0.81,0.89,0.25,0.71,0.88,0.75,0.82,0.7,0.32,0.78,0.87,0.19,0.07,0.4,0.43,0.48,0.36,0.4,0.11,0.7,0.3,0.88,0.68,0.54,0.14,0.34,0.76,AI / Machine Learning,QA / Automation Engineer,Advanced,56.72
264,0.64,0.57,0.45,0.48,0.86,0.24,0.77,0.23,0.64,0.38,0.82,0.14,0.76,0.82,0.39,0.93,0.66,0.2,0.1,0.37,0.48,0.9,0.16,0.51,0.35,0.44,0.18,0.7,Web Development,Software Engineer,Beginner,53.25
265,0.49,0.67,0.91,0.64,0.39,0.67,0.77,0.64,0.75,0.83,0.64,0.3,0.64,0.38,0.16,0.12,0.49,0.65,0.51,0.07,0.57,0.57,0.3,0.72,0.76,0.21,0.49,0.63,Software Engineering,Data Engineer,Advanced,46.89
266,0.34,0.69,0.83,0.53,0.41,0.68,0.4,0.79,0.76,0.53,0.11,0.8,0.54,0.79,0.64,0.73,0.24,0.64,0.16,0.83,0.68,0.05,0.45,0.33,0.09,0.57,0.64,0.13,Cloud & DevOps,QA / Automation Engineer,Beginner,44.65
267,0.16,0.32,0.92,0.2,0.93,0.64,0.27,0.09,0.9,0.86,0.31,0.53,0.18,0.49,0.33,0.87,0.95,0.6,0.51,0.67,0.65,0.09,0.08,0.18,0.82,0.24,0.17,0.55,Cybersecurity,Data Engineer,Beginner,80.1
268,0.43,0.54,0.28,0.63,0.2,0.46,0.9,0.66,0.9,0.18,0.23,0.62,0.29,0.62,0.63,0.69,0.56,0.63,0.51,0.2,0.79,0.33,0.76,0.39,0.92,0.27,0.29,0.53,Software Engineering,AI / ML Engineer,Intermediate,75.21
269,0.38,0.35,0.3,0.83,0.25,0.06,0.39,0.92,0.39,0.14,0.88,0.21,0.71,0.33,0.79,0.49,0.53,0.68,0.83,0.55,0.6,0.86,0.2,0.9,0.4,0.36,0.72,0.92,Software Engineering,Full Stack Developer,Advanced,47.02
270,0.06,0.51,0.19,0.16,0.39,0.71,0.1,0.7,0.93,0.69,0.27,0.6,0.69,0.21,0.94,0.77,0.5,0.3,0.43,0.9,0.84,0.78,0.32,0.82,0.9,0.42,0.33,0.13,Data Science,AI / ML Engineer,Advanced,53.2
271,0.13,0.57,0.13,0.31,0.89,0.78,0.06,0.9,0.66,0.89,0.17,0.5,0.67,0.66,0.53,0.16,0.06,0.22,0.8,0.06,0.43,0.53,0.36,0.94,0.65,0.88,0.95,0.9,AI / Machine Learning,DevOps Engineer,Intermediate,93.06
272,0.66,0.84,0.52,0.25,0.12,0.81,0.51,0.91,0.43,0.39,0.39,0.15,0.87,0.27,0.54,0.74,0.16,0.32,0.31,0.24,0.71,0.56,0.25,0.32,0.89,0.63,0.79,0.08,Data Engineering,DevOps Engineer,Intermediate,43.16
273,0.06,0.46,0.32,0.15,0.36,0.7,0.41,0.06,0.44,0.23,0.53,0.86,0.42,0.87,0.06,0.74,0.28,0.47,0.39,0.38,0.85,0.53,0.29,0.94,0.64,0.45,0.18,0.72,AI / Machine Learning,Backend Developer,Advanced,50.92
274,0.22,0.09,0.41,0.72,0.86,0.19,0.23,0.48,0.65,0.29,0.43,0.55,0.77,0.69,0.34,0.74,0.84,0.5,0.88,0.81,0.4,0.15,0.15,0.07,0.19,0.5,0.74,0.26,Cybersecurity,Frontend Developer,Advanced,80.56
275,0.44,0.31,0.49,0.73,0.27,0.19,0.51,0.27,0.74,0.83,0.94,0.27,0.79,0.23,0.69,0.78,0.68,0.5,0.21,0.94,0.58,0.62,0.26,0.17,0.08,0.94,0.89,0.43,Web Development,AI / ML Engineer,Beginner,60.92
276,0.52,0.68,0.93,0.25,0.43,0.11,0.43,0.1,0.15,0.38,0.9,0.69,0.27,0.86,0.21,0.05,0.64,0.34,0.31,0.3,0.6,0.44,0.28,0.49,0.35,0.15,0.65,0.66,Backend Development,Backend Developer,Intermediate,80.77
277,0.38,0.75,0.53,0.38,0.64,0.24,0.4,0.85,0.17,0.72,0.16,0.58,0.87,0.64,0.22,0.68,0.88,0.12,0.54,0.36,0.7,0.94,0.23,0.7,0.09,0.22,0.55,0.28,Cybersecurity,Backend Developer,Intermediate,74.64
278,0.16,0.44,0.48,0.52,0.91,0.76,0.2,0.3,0.92,0.31,0.91,0.1,0.93,0.22,0.78,0.5,0.53,0.51,0.12,0.44,0.51,0.56,0.4,0.6,0.24,0.05,0.56,0.58,AI / Machine Learning,MLOps Engineer,Advanced,65.05
279,0.69,0.52,0.32,0.25,0.69,0.55,0.2,0.09,0.26,0.09,0.18,0.85,0.88,0.29,0.76,0.63,0.27,0.79,0.53,0.05,0.36,0.59,0.38,0.12,0.68,0.54,0.7,0.42,Cloud & DevOps,Backend Developer,Beginner,74.43
280,0.06,0.37,0.71,0.3,0.28,0.06,0.64,0.83,0.9,0.57,0.7,0.67,0.9,0.28,0.61,0.59,0.24,0.45,0.34,0.23,0.62,0.82,0.41,0.45,0.71,0.44,0.18,0.48,Data Engineering,Data Scientist,Intermediate,50.18
281,0.83,0.22,0.49,0.71,0.63,0.07,0.2,0.21,0.4,0.6,0.11,0.11,0.27,0.87,0.92,0.14,0.52,0.7,0.78,0.59,0.39,0.07,0.79,0.74,0.63,0.09,0.27,0.13,Backend Development,Cloud Engineer,Advanced,40.74
282,0.92,0.91,0.15,0.71,0.35,0.69,0.23,0.48,0.56,0.45,0.2,0.35,0.19,0.1,0.67,0.61,0.16,0.79,0.14,0.32,0.51,0.8,0.18,0.87,0.07,0.43,0.18,0.64,Web Development,Cloud Engineer,Intermediate,77.77
283,0.69,0.86,0.49,0.94,0.25,0.91,0.3,0.12,0.35,0.37,0.88,0.13,0.09,0.19,0.44,0.35,0.21,0.43,0.85,0.67,0.61,0.31,0.84,0.29,0.5,0.38,0.29,0.87,Data Science,MLOps Engineer,Beginner,87.39
284,0.93,0.75,0.18,0.18,0.45,0.77,0.93,0.78,0.15,0.43,0.7,0.18,0.34,0.16,0.74,0.37,0.49,0.48,0.93,0.59,0.62,0.17,0.9,0.88,0.39,0.54,0.53,0.49,Web Development,Frontend Developer,Beginner,71.95
285,0.43,0.57,0.67,0.72,0.68,0.26,0.05,0.94,0.07,0.55,0.91,0.88,0.1,0.36,0.81,0.83,0.79,0.32,0.18,0.82,0.92,0.87,0.27,0.8,0.1,0.17,0.92,0.68,Software Engineering,Cybersecurity Engineer,Beginner,78.29
286,0.43,0.1,0.15,0.57,0.48,0.58,0.19,0.18,0.18,0.27,0.06,0.8,0.42,0.74,0.47,0.18,0.52,0.9,0.47,0.7,0.45,0.63,0.06,0.15,0.1,0.63,0.59,0.21,Backend Development,Software Engineer,Intermediate,85.8
287,0.66,0.84,0.55,0.8,0.88,0.5,0.69,0.43,0.19,0.93,0.52,0.93,0.16,0.24,0.61,0.25,0.22,0.72,0.55,0.81,0.78,0.47,0.33,0.63,0.79,0.2,0.77,0.63,Web Development,Data Engineer,Beginner,45.74
288,0.38,0.75,0.35,0.27,0.2,0.15,0.24,0.06,0.87,0.22,0.23,0.89,0.27,0.13,0.56,0.09,0.94,0.49,0.09,0.13,0.33,0.93,0.73,0.91,0.5,0.33,0.4,0.37,Backend Development,Cybersecurity Engineer,Advanced,45.36
289,0.42,0.72,0.14,0.78,0.19,0.58,0.39,0.58,0.82,0.31,0.19,0.47,0.85,0.13,0.7,0.85,0.78,0.64,0.74,0.19,0.92,0.51,0.71,0.64,0.89,0.36,0.76,0.36,Cybersecurity,DevOps Engineer,Intermediate,42.2
290,0.69,0.66,0.27,0.95,0.6,0.91,0.56,0.94,0.14,0.06,0.74,0.33,0.83,0.77,0.86,0.5,0.46,0.2,0.32,0.11,0.57,0.37,0.11,0.69,0.46,0.94,0.93,0.74,Data Engineering,Cloud Engineer,Beginner,91.69
291,0.92,0.49,0.38,0.31,0.42,0.61,0.66,0.45,0.51,0.61,0.33,0.13,0.42,0.46,0.84,0.94,0.09,0.93,0.1,0.76,0.68,0.55,0.19,0.14,0.39,0.56,0.82,0.25,Data Engineering,Cloud Engineer,Beginner,59.19
292,0.47,0.53,0.79,0.15,0.21,0.15,0.91,0.41,0.44,0.41,0.11,0.36,0.59,0.24,0.72,0.15,0.46,0.54,0.9,0.18,0.24,0.56,0.94,0.75,0.11,0.78,0.76,0.93,Web Development,Software Engineer,Beginner,87.74
293,0.91,0.67,0.29,0.62,0.13,0.11,0.41,0.32,0.69,0.83,0.52,0.65,0.28,0.8,0.13,0.86,0.36,0.73,0.2,0.36,0.43,0.48,0.67,0.19,0.68,0.37,0.67,0.4,AI / Machine Learning,Mobile App Developer,Advanced,50.92
294,0.7,0.57,0.18,0.65,0.79,0.71,0.79,0.71,0.06,0.86,0.89,0.5,0.33,0.76,0.66,0.29,0.7,0.94,0.9,0.82,0.62,0.63,0.57,0.08,0.72,0.22,0.68,0.75,Software Engineering,Data Analyst,Intermediate,51.54
295,0.22,0.66,0.91,0.38,0.38,0.32,0.33,0.79,0.16,0.5,0.95,0.42,0.37,0.8,0.43,0.93,0.35,0.88,0.46,0.39,0.55,0.2,0.44,0.31,0.64,0.66,0.62,0.68,Data Science,AI / ML Engineer,Beginner,44.93
296,0.06,0.89,0.14,0.72,0.61,0.54,0.62,0.5,0.78,0.65,0.82,0.24,0.75,0.55,0.15,0.82,0.91,0.37,0.76,0.47,0.87,0.63,0.76,0.41,0.9,0.75,0.51,0.29,Cloud & DevOps,Data Engineer,Intermediate,77.03
297,0.05,0.87,0.08,0.07,0.76,0.81,0.52,0.72,0.34,0.2,0.56,0.44,0.55,0.4,0.6,0.4,0.1,0.89,0.44,0.9,0.4,0.71,0.41,0.34,0.19,0.26,0.69,0.16,Data Science,Cloud Engineer,Advanced,83.14
298,0.81,0.61,0.28,0.55,0.9,0.23,0.13,0.44,0.62,0.58,0.08,0.69,0.88,0.12,0.39,0.72,0.17,0.46,0.62,0.37,0.27,0.86,0.32,0.53,0.27,0.75,0.76,0.74,AI / Machine Learning,Data Engineer,Beginner,91.42
299,0.61,0.62,0.57,0.14,0.46,0.59,0.15,0.3,0.86,0.13,0.49,0.38,0.8,0.4,0.49,0.07,0.12,0.91,0.12,0.67,0.39,0.33,0.87,0.78,0.21,0.06,0.21,0.56,AI / Machine Learning,AI / ML Engineer,Intermediate,94.66
300,0.49,0.6,0.54,0.19,0.72,0.88,0.22,0.08,0.07,0.51,0.19,0.83,0.15,0.25,0.34,0.25,0.7,0.9,0.29,0.48,0.91,0.36,0.55,0.31,0.72,0.5,0.51,0.41,Web Development,Data Engineer,Beginner,50.88
